{"cameraMode":{"drawMode":0,"name":"Shaded","section":"Shading Mode"},"sceneLighting":true,"audioPlay":false,"sceneViewState":{"showFog":true,"showMaterialUpdate":false,"showSkybox":true,"showFlares":true,"showImageEffects":true,"showParticleSystems":true},"in2DMode":false,"pivot":{"x":-22.135889053344728,"y":6.1496357917785648,"z":-25.507368087768556},"rotation":{"x":0.11939912289381027,"y":0.774739146232605,"z":-0.15373730659484864,"w":0.6016462445259094},"size":11.190845489501954,"orthographic":false}